"Site","Watershed","CM","IH","P","BSL","BSR","BVL","BVR","S","RZL","RZR","Biotic.Classification","Alkalinity","Ammonia","BOD20","BOD5","DOC","TOC","Chloride","Chlorophyll_a","SpCond","cfs","Hardness","NOx","TN","OP","DO","DOSat","pH","TP","TSS","Salinity","ATemp","Temp","Turbidity"
"207081","Choptank River",6,5,10,9,9,5,5,1,2,0,"Moderately Degraded",NA,NA,NA,NA,NA,NA,NA,NA,191,1.323,NA,NA,NA,NA,8.38,NA,6.86,NA,NA,0.09,0,17.41,NA
"207111","Choptank River",16,12,15,9,9,8,8,15,10,10,"Moderately Degraded",NA,NA,NA,NA,NA,NA,NA,NA,198,0.22,NA,NA,NA,NA,6.86,NA,6.41,NA,NA,0.09,0,17.57,NA
"110021","Blackbird Creek",15,14,16,8,9,6,6,16,10,10,"Good Condition",NA,NA,NA,NA,NA,NA,NA,NA,169,1.231,NA,NA,NA,NA,7.22,NA,7.12,NA,NA,0.08,0,17.63,NA
"206011","Murderkill River",18,11,18,5,5,9,9,15,10,10,"Good Condition",NA,NA,NA,NA,NA,NA,NA,NA,169,4.293,NA,NA,NA,NA,8.88,NA,6.78,NA,NA,0.08,0,13.35,NA
"206051","Murderkill River",12,13,16,9,9,6,6,16,10,10,"Good Condition",NA,NA,NA,NA,NA,NA,NA,NA,198,16.587,NA,NA,NA,NA,7.9,NA,6.87,NA,NA,0.09,0,16.94,NA
"206071","Murderkill River",14,15,13,7,7,9,6,18,1,8,"Moderately Degraded",NA,NA,NA,NA,NA,NA,NA,NA,180,6.945,NA,NA,NA,NA,8.17,NA,6.92,NA,NA,0.09,0,17.92,NA
"206461","Murderkill River",15,15,17,10,10,8,8,13,10,10,"Severely Degraded",NA,NA,NA,NA,NA,NA,NA,NA,180,2.337,NA,NA,NA,NA,9.12,NA,7.01,NA,NA,0.09,0,16.91,NA
"303181","Broadkill River",15,10,18,10,10,8,8,15,10,10,"Moderately Degraded",NA,NA,NA,NA,NA,NA,NA,NA,514,3.747,NA,NA,NA,NA,8.72,NA,6.92,NA,NA,0.25,0,14.44,NA
"303341","Broadkill River",11,5,18,10,10,8,8,15,10,10,"Good Condition",NA,NA,NA,NA,NA,NA,NA,NA,113,4.882,NA,NA,NA,NA,7.85,NA,6.51,NA,NA,0.05,0,14,NA
"305081","Lewes-Rehoboth Canal",15,19,12,10,10,9,9,15,10,10,"Moderately Degraded",NA,NA,NA,NA,NA,NA,NA,NA,186,0.225,NA,NA,NA,NA,6.49,NA,6.26,NA,NA,0.09,19,14.28,NA
"308031","Rehoboth Bay",11,16,13,10,10,6,6,16,10,10,"Severely Degraded",NA,NA,NA,NA,NA,NA,NA,NA,410,1.625,NA,NA,NA,NA,8.9,NA,6.92,NA,NA,0.2,22,16.62,NA
"308091","Indian River Bay",1,11,1,10,10,9,2,5,0,0,"Moderately Degraded",NA,NA,NA,NA,NA,NA,NA,NA,209,4.777,NA,NA,NA,NA,8.26,NA,6.46,NA,NA,0.1,25,14.77,NA
"308291","Rehoboth Bay",13,10,15,5,10,6,8,18,2,10,"Severely Degraded",NA,NA,NA,NA,NA,NA,NA,NA,117,10.617,NA,NA,NA,NA,8.64,NA,6.37,NA,NA,0.06,16,11.95,NA
"308301","Indian River",5,13,16,10,10,8,8,11,10,10,"Good Condition",NA,NA,NA,NA,NA,NA,NA,NA,119,3.714,NA,NA,NA,NA,8.69,NA,6.1,NA,NA,0.06,16,11.73,NA
"308341","Indian River",16,12,6,10,10,8,8,15,10,10,"Good Condition",NA,NA,NA,NA,NA,NA,NA,NA,74,0.735,NA,NA,NA,NA,8.68,NA,6.26,NA,NA,0.03,24,12.14,NA
"308361","Indian River Bay",0,11,11,2,7,3,8,16,1,2,"Severely Degraded",NA,NA,NA,NA,NA,NA,NA,NA,412,1.488,NA,NA,NA,NA,4.41,NA,6.22,NA,NA,0.2,24,15.07,NA
"309021","Iron Branch",16,8,16,9,9,8,8,15,9,9,"Moderately Degraded",NA,NA,NA,NA,NA,NA,NA,NA,125,1.837,NA,NA,NA,NA,10.6,NA,7.07,NA,NA,0.06,0,15.39,NA
"309041","Iron Branch",18,13,18,5,5,8,8,15,10,8,"Moderately Degraded",NA,NA,NA,NA,NA,NA,NA,NA,219,6.328,NA,NA,NA,NA,10.15,NA,6.15,NA,NA,0.1,0,10.88,NA
"311041","Buntings Branch",15,10,20,3,5,6,6,16,10,10,"Moderately Degraded",NA,NA,NA,NA,NA,NA,NA,NA,212,1.412,NA,NA,NA,NA,4.83,NA,6.27,NA,NA,0.1,22,13.87,NA
"208231","Mispillion River",16,13,19,10,10,6,7,18,10,10,"Moderately Degraded",NA,NA,NA,NA,NA,NA,NA,NA,119,2.65,NA,NA,NA,NA,7.21,NA,6.2,NA,NA,0.06,22,14.89,NA
"201161","Smyrna River",8,18,18,9,9,5,5,5,10,5,"Good Condition",NA,NA,NA,NA,NA,NA,NA,NA,264,6.383,NA,NA,NA,NA,8.71,NA,6.33,NA,NA,0.13,24,13.31,NA
"304191","Nanticoke River",5,5,13,10,10,5,5,3,2,2,"Good Condition",NA,NA,NA,NA,NA,NA,NA,NA,152,79.837,NA,NA,NA,NA,8.54,NA,5.66,NA,NA,0.07,17,14.71,NA
"304291","Nanticoke River",8,5,18,9,9,5,5,3,2,2,"Good Condition",NA,NA,NA,NA,NA,NA,NA,NA,170,31.321,NA,NA,NA,NA,9.48,NA,6.15,NA,NA,0.08,13,14.69,NA
"304381","Nanticoke River",15,16,10,10,10,7,7,19,10,10,"Moderately Degraded",NA,NA,NA,NA,NA,NA,NA,NA,199,6.563,NA,NA,NA,NA,5.44,NA,6.25,NA,NA,0.09,22,14.7,NA
"307371","Broad Creek",15,13,8,10,10,8,8,13,10,10,"Severely Degraded",NA,NA,NA,NA,NA,NA,NA,NA,84,0.735,NA,NA,NA,NA,2.82,NA,5.93,NA,NA,0.04,22,13.1,NA
"112602","Chester River",15,2,5,7,8,8,4,20,10,2,"Moderately Degraded",60.363,0.1088,0,0,3.208,3.126,20.66799,4.0689,269,0.1,109.38258,0.807276,1.441512,0.114023,7.07,NA,7.11,0.195846,15.32,NA,20,14.21,13.6
"112611","Chester River",12,11,12,8,8,6,6,15,9,10,"Good Condition",63.946,0.0607,2.54,0,2.611,2.116,13.227334,0.5477,242,0.32,105.71471,0.79403,1.121921,0.064852,6.96,NA,7.18,0.078611,2.32,NA,21,14.57,3.56
"112621","Chester River",4,8,11,10,10,5,5,2,0,0,"Moderately Degraded",44.81,0.0312,2.5,0,4.127,7.99,39.548206,24.9277,269,0,82.43097,-0.025109,0.629992,0.039084,8.21,NA,7.25,0.118861,40.8,NA,24,14.49,6.46
"207143","Choptank River",0,2,2,10,10,6,5,2,3,0,"Severely Degraded",22.872,0.0208,2.54,0,2.783,2.234,14.271817,1.6656,178,1.46,57.31,3.653064,3.976448,0.024763,8.61,NA,6.74,0.015019,0.92,NA,24,15.09,1
"207182","Choptank River",6,10,11,8,6,8,5,5,9,9,"Severely Degraded",12.713,0.0254,0,0,1.715,3.161,9.654925,14.7219,106,0.17,31.4687,0.003845,0.628409,0.042681,6.46,NA,6.18,0.272187,47.2,NA,24,15.41,39.2
"206341","Murderkill River",20,18,19,5,5,8,8,15,10,10,"Good Condition",24.359,0.0226,2.75,0,2.876,2.552,12.448102,0.2287,169,1.28,54.2388,2.187479,2.536354,0.042443,9.45,NA,6.9,0.033609,-0.2,NA,24,15.46,1.93
"316011","Gravelly Branch",16,20,15,9,9,6,8,20,10,10,"Good Condition",8.863,0.0051,3.98,0,1.83,1.631,10.115549,0.4114,100,4.06,24.96665,4.136571,4.617826,0.013536,11.08,NA,6.47,0.009317,0.68,NA,12,11.77,1.5
"304202","Nanticoke River",5,11,16,8,8,5,5,4,2,2,"Moderately Degraded",20.947,0.2007,0,0,2.825,2.019,21.293604,1.6715,191,8.03,50.06833,5.544318,6.214174,0.150098,10.73,NA,6.99,0.176892,1.72,NA,11,11.25,0.03
"304201","Nanticoke River",3,11,20,6,6,4,4,4,2,2,"Moderately Degraded",14.028,0.0232,3.85,0,1.951,1.382,16.067389,1.2556,157,5.58,43.53006,4.522597,5.066877,0.018592,11.58,NA,6.62,0.014934,0.64,NA,12,11.71,1.56
"304682","Gum Branch",6,6,6,2,2,3,3,3,2,2,"Severely Degraded",22.567,0.0218,4.59,0,1.993,1.909,11.858414,40.395,125,0.47,32.4666,2.771689,3.18575,0.017184,8.87,NA,6.71,0.02917,2.28,NA,12,10.4,1.83
"304662","Gum Branch",8,10,10,8,8,5,5,3,2,2,"Moderately Degraded",8.806,0.1348,4.63,0,1.925,2.123,8.320633,4.8364,75,0.62,19.5546,1.413134,2.020061,0.02315,12.09,NA,6.73,0.058643,14.52,NA,12,11.48,17.3
"316041","Gravelly Branch",8,6,2,8,8,5,5,5,2,2,"Severely Degraded",9.663,0.0564,4.76,2.44,2.021,3.224,6.915552,2.7511,65,0.23,15.20183,1.028099,1.583196,0.021622,8.51,NA,6.34,0.025626,1.8,NA,12,11.81,11.5
"316061","Gravelly Branch",7,7,11,8,8,5,5,5,2,2,"Severely Degraded",6.919,0.0578,3.7,0,1.418,1.731,13.273672,1.4625,114,0.08,26.52115,3.065558,3.772667,0.019229,9.25,NA,5.9,0.025373,7.1,NA,9,12.57,13.8
"304441","Nanticoke River",11,15,6,10,9,8,5,20,10,2,"Severely Degraded",14.238,0.0189,5.29,2.65,7.734,7.663,18.08156,0.7636,190,1.47,64.31808,8.355,9.260109,0.017275,6.77,NA,6.58,0.021467,3.44,NA,15,10.86,0.75
"307291","Broad Creek",12,11,14,5,6,3,8,16,2,10,"Moderately Degraded",35.109,0.0359,0,10.16,13.78,13.63,15.605972,4.3492,174,0,93.03152,3.666702,4.980464,0.024147,1.43,NA,7.12,0.064585,6,NA,13,11.03,5.02
"307412","Broad Creek",11,15,10,9,8,4,8,20,0,10,"Moderately Degraded",10.616,0.0251,0,0,2.936,2.612,16.502981,0.3993,204,1.29,62.11189,10.973713,10.872231,0.023437,9.37,NA,6.72,0.015942,0.64,NA,13,11.97,0.75
"307251","Broad Creek",5,5,20,6,10,3,8,18,2,10,"Severely Degraded",26.493,0.0197,7.23,3.71,5.691,5.821,14.307117,0.758,197,0.28,61.68954,9.203397,10.138275,0.015761,3.93,NA,6.54,0.013011,1.16,NA,12,10.58,1.34
"304652","Deep Creek",8,10,11,7,7,3,3,0,2,2,"Moderately Degraded",16.658,0.051,0,0,2.265,2.012,12.870711,0.6498,134,5.28,43.82292,4.05748,4.445198,0.026783,9.28,NA,6.96,0.016658,0.84,NA,12,11.25,1.94
"304605","Deep Creek",8,2,11,4,6,3,3,2,2,2,"Severely Degraded",8.52,0.2644,0,0,1.725,1.982,6.674001,1.3889,71,0.02,15.08698,-0.001902,0.234647,0.022066,9.7,NA,6.31,0.051002,8.72,NA,14,14.45,10.9
"304604","Deep Creek",6,8,11,4,3,3,3,2,2,2,"Moderately Degraded",8.158,0.0311,0,0,2.243,2.512,6.323957,1.0279,66,2.32,14.83815,0.356214,0.67372,0.021203,10.15,NA,6.49,0.032129,7.12,NA,13,12.17,6.26
"304601","Deep Creek",6,11,14,6,5,3,3,4,2,2,"Moderately Degraded",9.74,0.029,0,0,2.252,2.609,6.193492,0.7347,66,1.46,13.39429,0.656527,0.968613,0.018478,9.24,NA,6.55,0.01151,4.12,NA,15,12.08,10
"302071","Marshyhope Creek",6,10,12,10,10,5,9,5,0,2,"Severely Degraded",8.882,0.1373,3.63,0,2.443,2.435,10.990931,9.8331,82,0,16.40233,0.104161,0.529856,0.019073,7.26,NA,5.98,0.031116,6.64,NA,14,10.08,13.4
"207203","Choptank River",2,2,0,10,10,9,5,5,2,0,"Moderately Degraded",49.365,0.0136,3.66,0,3.868,3.859,19.812243,1.4356,214,1.05,75.9624,0.316008,0.680516,0.021529,12.72,NA,7.69,0.036417,0.48,NA,10,8.55,3.25
"207202","Choptank River",0,2,5,10,10,5,5,5,2,2,"Moderately Degraded",30.153,0.0819,3.73,0,2.466,2.522,16.148233,0.5712,200,1.26,68.93032,0.42764,0.675443,0.023482,12.86,NA,7.93,0.015841,-0.28,NA,11,8.85,2.13
"207201","Choptank River",6,9,4,10,10,4,4,1,0,0,"Moderately Degraded",43.99,0.0254,3.36,0,3.331,3.706,25.317978,13.9159,233,0.08,70.09054,-0.015169,0.551028,0.035721,9.95,NA,7.25,0.146778,8.6,NA,12,8.39,19.4
"207199","Choptank River",1,4,2,8,8,5,5,5,2,2,"Severely Degraded",14.2,0.6384,3.58,0,2.984,3.401,8.102087,27.5085,176,0,40.085,-0.040047,1.286504,0.030468,5.6,NA,6.6,0.123368,16.32,NA,13,8.53,34.8
"302011","Marshyhope Creek",0,2,16,9,9,5,9,0,2,2,"Moderately Degraded",15.267,0.0146,0,0,1.892,1.903,15.256722,2.7457,157,13.05,49.29558,4.661854,5.031803,0.016053,15.48,NA,6.96,0.017154,0.28,NA,20,14.31,0.59
"302301","Marshyhope Creek",2,15,5,9,8,9,9,5,1,2,"Severely Degraded",17.249,0.0133,3.58,0,3.672,4.282,13.402302,15.8116,134,0.07,45.09858,1.065575,1.64736,0.014322,11.04,NA,6.58,0.053584,18.6,NA,23,13.82,19.3
"302304","Marshyhope Creek",8,4,4,8,8,3,3,5,1,2,"Severely Degraded",28.476,0.0779,3.78,0,2.631,2.732,12.438578,3.1997,171,0.04,62.15074,0.317834,0.744006,0.027676,10.07,NA,6.81,0.064917,6.08,NA,21,13.08,9.45
"302401","Marshyhope Creek",6,7,1,8,8,9,9,5,2,2,"Severely Degraded",27.732,0.0244,0,0,2.278,2.589,15.28936,31.6581,197,0.16,66.3288,3.899645,4.535311,0.025138,13.97,NA,7.04,0.073788,10.16,NA,19,14.16,2.29
"302501","Marshyhope Creek",1,2,11,9,9,9,2,0,0,0,"Severely Degraded",9.93,0.0497,4.17,0,1.864,2.918,14.867588,45.77,122,0.36,55.36003,0.349119,1.037925,0.028549,16.31,NA,6.5,0.07729,13.2,NA,19,14.6,11.7
"302502","Marshyhope Creek",1,8,12,5,3,3,3,0,0,0,"Severely Degraded",14.066,0.0895,6.08,0,2.343,2.666,12.355189,23.781,117,0.21,24.58288,0.007584,0.368587,0.029129,13.6,NA,7.95,0.064528,10.08,NA,12,8.7,9.28
"304680","Nanticoke River",1,7,4,8,8,4,4,5,2,1,"Severely Degraded",25.502,0.1477,0,0,4.218,4.604,26.882984,47.1,104,0,25.62061,-0.004907,1.562986,0.012054,7.15,NA,6.55,0.201568,43,NA,19,12.29,21.7
"304271","Nanticoke River",7,6,8,9,9,7,3,3,9,1,"Severely Degraded",23.596,0.1606,0,0,2.107,2.264,15.307924,73.325,166,0.45,63.62795,3.116457,4.508067,0.022328,9.55,NA,6.7,0.197711,181,NA,18,12.49,128
"302601","Marshyhope Creek",8,10,11,9,9,4,5,2,2,4,"Severely Degraded",11.245,0.0263,2.56,0,1.793,1.382,12.171779,2.1966,116,0.64,31.89006,4.589117,5.105082,0.020377,7.95,NA,6.92,0.025695,4.56,NA,18,12.06,3.52
"302201","Marshyhope Creek",8,8,5,8,8,4,4,3,2,2,"Severely Degraded",6.461,0.0163,0,0,1.472,1.266,8.643768,2.2674,91,0.13,25.89884,1.560784,1.816519,0.016381,11.96,NA,6.99,0.029418,5.2,NA,22,12.05,2.42
"302302","Marshyhope Creek",6,6,9,8,8,4,4,2,2,2,"Severely Degraded",32.497,0.021,0,0,2.274,2.954,11.229609,19.0327,148,0.01,51.98378,0.004599,0.519937,0.020828,10.67,NA,6.8,0.06456,17.56,NA,20,11.92,16
"302305","Marshyhope Creek",2,2,3,3,3,4,4,2,2,2,"Severely Degraded",1.391,2.4693,4.7,0,4.121,4.455,18.222782,37.9,426,0,195.88244,0.005826,3.868498,0.016331,7.74,NA,6.41,0.156481,66.32,NA,21,12.46,69.4
"302403","Marshyhope Creek",3,2,11,8,6,5,9,5,0,2,"Severely Degraded",16.773,0.1779,13.2,3.41,8.004,9.407,11.987687,127.56,108,0.06,24.93744,0.16275,2.743823,0.036796,12.33,NA,7.03,0.520698,45.2,NA,20,13.87,61
"207142","Choptank River",2,8,16,10,10,5,3,3,2,0,"Severely Degraded",8.87,0.034,4.79,0,4.439,4.824,10.79847,3.067,115,0.23,23.39922,-0.026412,0.463989,0.022718,8.98,NA,6.49,0.122754,17.86666667,NA,5,5.36,19.7
"207141","Choptank River",4,8,15,8,8,5,5,2,2,0,"Severely Degraded",13.536,0.0345,5.02,0,3.506,3.268,12.345051,15.9392,113,1.1,32.82579,1.28209,1.729006,0.016876,10.44,NA,6.68,0.042841,5.12,NA,4,7.18,10.6
"207196","Choptank River",8,10,13,8,8,5,5,3,2,2,"Moderately Degraded",13.152,0.0327,2.71,0,3.266,3.391,14.186456,0.8565,133,2.47,35.73414,0.132431,0.471951,0.01535,12.05,NA,6.89,0.034104,0.32,NA,5,7.56,7.85
"308471","Rehoboth Bay",11,15,13,10,10,5,6,16,2,10,"Severely Degraded",8.29,0.0435,2.56,0,7.66,7.299,13.272555,0.9768,93,10.95,18.28825,1.079349,1.691982,0.008723,7.06,NA,6.21,0.015153,1.12,NA,16,9.63,1.01
"309071","Iron Branch",12,15,13,7,7,3,3,0,0,0,"Severely Degraded",6.755,0.0927,2.84,0,16.81,17.56,17.848959,0.7607,190,5.43,48.16523,4.156182,6.099285,0.021486,8.87,NA,5.93,0.062262,5,NA,18,10.56,7.62
"310121","Little Assawoman",6,14,13,9,6,6,3,16,10,2,"Moderately Degraded",10.804,0.0792,3.65,0,9.622,9.716,24.75333,5.1079,260,5.2,65.37091,3.47475,4.763686,0.012954,9.19,NA,6.23,0.040602,2.76,NA,18,11.44,6.34
"313032","Pocomoke River",5,15,8,4,6,3,6,5,2,10,"Severely Degraded",9.71,0.0556,0,0,5.33,5.586,10.237225,0.4094,112,6.68,28.66793,2.644066,3.609166,0.032257,8.25,NA,6.31,0.09014,3.72,NA,13,12.88,6.66
"313051","Pocomoke River",4,11,5,6,9,4,6,16,2,1,"Severely Degraded",6.275,0.0702,0,0,4.713,4.943,11.777765,0.4071,127,13.14,28.75462,2.807943,3.767587,0.018913,8.22,NA,5.99,0.052265,4.12,NA,12,12.84,7.4
"201173","Smyrna River",7,12,3,2,2,7,6,12,9,10,"Severely Degraded",17.175,0.0448,2.4,0,4.224,4.391,34.42886,1.3426,190,0.7,46.17279,1.229822,1.661425,0.013539,8.21,NA,6.27,0.037972,6.88,NA,15,11.89,10.4
"110131","Blackbird Creek",13,16,6,10,8,7,7,19,10,1,"Severely Degraded",11.188,0.0223,8.5,2.95,24.8,26.22,13.443494,1.2142,82,0.42,38.82134,0.003463,1.522173,0.024162,5.48,NA,6.16,0.090394,26.96,NA,16,11.56,9.33
"110101","Blackbird Creek",20,20,6,10,10,7,7,19,9,10,"Moderately Degraded",31.759,0.0194,4.8,0,13.06,13.03,19.504482,3.2621,145,2,49.53433,0.109483,1.075787,0.040206,8.04,NA,6.52,0.11657,23.28,NA,19,10.5,4.94
"110141","Blackbird Creek",12,11,11,3,1,5,5,18,9,9,"Severely Degraded",15.582,0.0382,3.47,0,8.182,8.445,22.49127,0.2355,203,0.41,66.70884,4.713776,5.253076,0.095257,8.1,NA,6.21,0.165751,3.64,NA,20,12.46,5.13
"201212","Smyrna River",10,16,11,10,10,3,3,1,0,0,"Moderately Degraded",14.987,0.1254,4.67,0,13.39,13.53,21.294222,0.74,175,3.36,58.0466,2.89006,3.711223,0.042227,8.98,NA,6.34,0.073701,3,NA,16,13.32,3.72
"201151","Smyrna River",12,11,13,8,5,5,3,20,9,8,"Severely Degraded",25.388,0.0618,3.3,0,7.961,7.95,25.708738,1.1741,215,2.23,77.13045,3.164908,3.827524,0.08883,8.74,NA,6.67,0.186297,3.36,NA,21,13.53,4.77
"202213","Leipsic River",20,18,13,5,5,6,6,19,9,9,"Good Condition",17.271,0.0451,3.08,0,5.438,5.812,16.084177,5.9564,149,1.12,50.5598,2.562576,3.094895,0.066398,9.06,NA,6.62,0.11661,1.4,NA,23,13.51,3.13
"205161","St. Jones River",15,16,16,10,10,7,7,16,10,10,"Severely Degraded",36.499,0.0218,7.81,0,18.78,20.87,15.93763,0.8685,148,20.47,54.17086,0.06715,1.259935,0.10439,7.18,NA,6.74,0.238173,8.64,NA,19,11.79,5.02
"205302","St. Jones River",6,11,16,1,1,5,3,20,2,0,"Severely Degraded",33.448,0.0759,4.41,0,7.825,7.93,14.221148,0.232,158,0.36,44.80757,0.307412,0.976191,0.062154,7.02,NA,6.4,0.120424,2.44,NA,18,13.04,4.22
"206642","Murderkill River",12,14,16,8,10,8,8,20,10,10,"Severely Degraded",35.444,0.0434,2.7,2.48,7.366,7.373,16.490547,0.6495,207,0.78,64.06772,2.109768,2.769178,0.039391,8.11,NA,6.26,0.066566,2.48,NA,12,10.67,2.38
"206712","Murderkill River",20,10,15,10,10,8,7,15,10,10,"Moderately Degraded",24.314,0.0258,3.04,2.78,8.541,9.066,20.459841,0.3086,189,1.21,59.87719,2.263766,2.995107,0.022729,8.14,NA,5.97,0.039532,3.32,NA,13,10.78,3.58
"206682","Murderkill River",20,18,16,10,9,8,6,15,10,10,"Severely Degraded",20.629,0.0639,0,0,5.083,4.947,23.542189,0.3457,286,4.16,98.92923,9.192138,9.971915,0.015863,9.2,NA,6.19,0.021724,7.84,NA,15,11.01,1.46
"206423","Murderkill River",3,17,10,8,6,5,3,5,2,0,"Moderately Degraded",14.469,0.0397,2.47,3.1,6.038,6.234,12.350691,1.0254,146,4.45,42.49632,4.079182,4.730162,0.024915,9.18,NA,6.22,0.050031,4.4,NA,17,12.06,5.7
"206341","Murderkill River",20,16,16,9,5,7,7,18,10,10,"Good Condition",15.314,0.0347,4.26,3.66,18.88,18.87,13.414469,0.3869,147,26.24,43.90754,2.123498,3.129418,0.057588,8.79,NA,6.42,0.094138,3.76,NA,15,11.08,2.99
"206291","Murderkill River",4,15,10,5,9,5,6,18,2,2,"Severely Degraded",40.414,0.05,3.58,3.83,10.26,10.52,16.176786,0.3329,209,1.5,64.54142,2.313661,3.174711,0.056976,6.83,NA,6.28,0.090615,2.84,NA,14,13.36,3.92
"206672","Murderkill River",5,15,8,8,10,6,8,20,10,10,"Severely Degraded",8.271,0.0373,5.57,6.12,27.53,27.33,12.948775,0.3413,102,1.05,24.69972,0.656385,2.05253,0.075396,5.45,NA,5.71,0.106249,2.4,NA,18,11.86,3.41
"207198","Choptank River",5,13,16,6,9,3,6,16,2,6,"Moderately Degraded",13.644,0.0454,2.77,0,7.102,7.493,15.109007,0.465,179,4.74,51.96415,5.753736,6.764493,0.044501,8.35,NA,6.05,0.089242,5.72,NA,16,12.98,7.39
"205251","St. Jones River",20,17,16,10,10,7,7,16,10,10,"Moderately Degraded",19.785,0.0186,3.04,0,7.01,7.362,17.607496,0.297,180,3.34,51.6718,2.749763,3.442185,0.016896,7.11,NA,6.15,0.029161,1.32,NA,18,12.22,1.71
"205591","St. Jones River",17,12,18,10,10,5,6,18,9,9,"Moderately Degraded",19.555,0.0949,3.4,2.94,8.275,8.596,14.945118,1.2953,158,19.66,44.44178,1.61677,2.493468,0.015762,9.21,NA,6.46,0.048258,1.64,NA,14,12.55,3.06
"207042","Choptank River",8,8,16,7,7,5,5,3,2,2,"Severely Degraded",12.416,0.0534,0,0,5.298,5.507,16.591726,0.605,119,2.31,29.48218,0.574443,1.137686,0.051815,6.58,NA,6.07,0.097321,3.72,NA,22,12.83,13.9
"204091","Little Creek",8,16,7,6,6,4,4,3,2,2,"Severely Degraded",24.218,0.071,6.53,2.94,16.22,16.45,17.486952,0.7688,165,1.52,52.21196,0.116262,0.975745,0.09907,7.67,NA,5.84,0.143231,4.28,NA,10,10.67,5.69
"209031","St. Jones River",19,19,18,6,6,7,1,18,2,1,"Severely Degraded",34.005,0.0298,0,0,4.693,4.594,20.767023,0.5231,249,4.34,87.50887,6.043755,6.972898,0.022781,8.63,NA,6.51,0.030275,0.6,NA,14,11.83,1.42
"205321","St. Jones River",15,18,16,10,10,10,10,20,10,8,"Moderately Degraded",28.843,0.018,2.52,0,8.917,9.244,17.580393,0.3579,205,11.88,66.70574,3.629433,4.582924,0.033587,7.54,NA,6.66,0.036875,0.4,NA,16,11.05,1.62
"207192","Choptank River",6,11,16,6,6,3,3,0,1,0,"Severely Degraded",12.646,0.1119,0,0,7.966,8.484,12.838107,0.784,117,1.64,26.3429,0.965088,1.842754,0.056227,7.3,NA,6.15,0.130369,4.6,NA,17,12.66,8.03
"207142","Choptank River",0,5,15,9,8,9,5,5,2,0,"Severely Degraded",15.141,0.1025,3.95,0,8.147,9.503,10.004648,1.0515,105,8.33,29.22925,0.086858,0.891921,0.079801,7.17,NA,6.13,0.177133,14.04,NA,16,12.2,28.3
"205312","St. Jones River",19,16,16,8,9,6,7,20,2,6,"Moderately Degraded",24.16,0.0323,3.56,0,19.02,18.56,15.7734,0.3835,143,8.46,41.40641,0.756606,1.784168,0.078646,6.11,NA,6.25,0.123672,1.28,NA,14,11.22,2.49
"205602","St. Jones River",6,3,11,1,1,6,6,13,6,6,"Severely Degraded",62.924,0.0694,0,0,2.952,2.867,69.267303,0.5905,436,0.64,106.99701,1.11735,1.512459,0.017353,9.39,NA,6.81,0.030525,0.12,NA,13,14.91,1.65
"107081","Red Lion Creek",15,15,20,2,8,8,6,16,10,2,"Good Condition",13.894,0.0131,2.46,0,4.188,3.373,13.203678,1.8903,140,0.59,37.25475,0.214325,0.560885,0.010245,10.11,NA,6.97,0.019325,5.56,NA,17,10.5,4.63
"108101","C & D Canal East",20,15,16,3,3,6,6,15,10,10,"Severely Degraded",28.67,0.0135,2.51,0,6.638,6.795,38.754822,0.0797,259,0.11,64.79686,1.115652,1.531411,0.018221,9.83,NA,6.78,0.02549,2,NA,20,11.29,2.37
"111091","Dragon Run Creek",16,12,16,2,2,5,5,18,9,3,"Moderately Degraded",31.568,0.0379,0,0,3.165,3.791,31.137785,1.9773,235,1.31,61.74694,1.174875,1.775606,0.016063,9.81,NA,6.65,0.058149,29.84,NA,20,11.56,11.1
"108121","C & D Canal East",17,13,16,9,9,5,5,16,10,10,"Severely Degraded",40.76,0.0184,0,0,2.374,2.373,49.550564,0.407,358,0.82,113.61143,3.493276,4.090264,0.083428,9.98,NA,6.86,0.179944,18.44,NA,22,11.46,11.6
"108141","C & D Canal East",12,14,15,10,10,6,3,5,10,1,"Severely Degraded",89.349,0.3399,2.89,0,3.329,3.828,22.636728,8.2962,357,0,144.78767,3.310883,4.589154,0.02151,9.27,NA,6.94,0.175155,14.52,NA,24,12.07,14.6
"109081","Appoquinimink River",16,18,15,4,5,6,8,20,10,10,"Severely Degraded",37.497,0.173,0,0,1.814,1.886,20.867809,2.4869,269,1.47,89.80625,5.032763,5.802361,0.016068,10.56,NA,7.21,0.044076,7.28,NA,24,11.99,4.49
"109251","Appoquinimink River",19,14,18,4,2,5,5,18,9,2,"Moderately Degraded",22.894,0.0267,0,0,1.791,1.733,17.110001,0.5187,243,2.57,87.65576,6.497027,7.115314,0.02474,10.19,NA,7.05,0.045782,11.04,NA,22,12.92,6.26
"109021","Appoquinimink River",18,11,17,5,5,9,10,15,2,10,"Severely Degraded",35.214,0.0699,3.8,0,5.056,5.388,15.212833,2.9288,184,3.79,61.35714,1.474478,2.221574,0.015185,10.57,NA,7.07,0.045804,8.04,NA,22,12.18,5.01
"110121","Blackbird Creek",5,19,5,5,10,5,5,16,6,2,"Good Condition",11.629,0.0108,2.89,0,11.22,11.82,19.657164,0.5213,137,1.75,36.04349,1.359972,2.134454,0.017919,10.53,NA,7.06,0.027393,4.56,NA,23,12.06,2
"201172","Smyrna River",18,18,16,10,10,9,9,16,10,10,"Moderately Degraded",14.508,0.0298,3.04,0,9.902,10.5,37.343475,0.3237,201,2.6,44.42559,0.659479,1.397721,0.017317,8.17,NA,6.49,0.033412,3.44,NA,24,10.64,2.88
"202212","Leipsic River",18,16,16,3,3,7,7,15,10,10,"Good Condition",59.163,0.0048,0,0,4.749,4.131,22.42889,1.0167,278,1.82,111.84568,0.104708,0.361821,0.088511,6.89,NA,6.75,0.156985,2.32,NA,20,14.81,2.83
"205271","St. Jones River",16,18,12,10,10,10,10,20,10,10,"Moderately Degraded",42.026,0.0185,2.52,0,9.293,8.885,13.312738,1.4468,204,0.82,77.47277,0.472682,1.169203,0.063997,5.11,NA,6.66,0.110463,3.2,NA,23,14.34,4.54
"205261","St. Jones River",19,16,3,10,10,8,6,20,10,10,"Moderately Degraded",17.559,0.0248,0,0,2.893,2.808,22.290813,3.2507,241,0.88,68.66745,4.466228,4.844787,0.022446,8.19,NA,6.38,0.05355,16,NA,23,14.84,5.73
"206602","Murderkill River",20,10,16,10,10,10,2,16,10,2,"Severely Degraded",25.235,0.0249,0,0,3.913,4.071,16.994814,2.7356,169,0.72,54.40413,1.221144,1.571622,0.025478,7.31,NA,6.49,0.04002,3.4,NA,24,14.82,3.28
"206492","Murderkill River",12,17,19,2,2,8,9,15,10,10,"Good Condition",14.7,0.0161,0,2.54,2.046,2.704,23.901215,0.255,234,2.87,69.82281,6.022871,6.431956,0.023362,9.15,NA,6.4,0.016754,1.16,NA,22,15.59,1.09
"206641","Murderkill River",17,16,16,7,6,7,5,16,10,10,"Good Condition",15.16,0.0213,0,0,2.895,2.829,18.042698,0.6467,201,2.07,66.75229,4.775092,4.937529,0.025995,9.4,NA,6.72,0.023856,1.36,NA,22,14.53,1.11
"206332","Murderkill River",19,17,16,9,9,8,8,15,10,9,"Moderately Degraded",21.666,0.2863,0,0,5.291,5.223,16.078697,1.1089,200,1.13,69.98918,3.83568,3.994326,0.034188,9.6,NA,6.79,0.05056,2.16,NA,24,15.33,1.65
"206342","Murderkill River",19,15,13,10,10,8,9,15,10,10,"Moderately Degraded",15.007,0.0075,0,0,7.763,7.569,11.272223,0.15,143,0.21,45.06077,2.717151,2.773154,0.031686,9.83,NA,6.78,0.027537,1.4,NA,25,15.76,1.28
"206671","Murderkill River",13,8,13,3,3,8,8,14,10,10,"Good Condition",13.491,0.1327,0,0,2.775,2.889,8.725811,0.17,134,0.87,37.32696,2.252754,2.308006,0.036342,9.97,NA,6.37,0.042267,1.28,NA,24,15.26,4.36
"206311","Murderkill River",16,18,8,10,10,7,7,15,10,10,"Severely Degraded",23.776,0.0669,0,0,3.165,2.999,16.405708,0.6503,223,0.5,71.74595,3.797724,4.172088,0.021977,8.45,NA,6.23,0.022043,1.64,NA,19,14.54,3.94
"206343","Murderkill River",19,18,5,10,10,5,9,17,2,2,"Severely Degraded",21.934,0.0087,0,0,2.775,2.807,14.121085,0.3036,210,0.56,72.82163,5.469157,5.686806,0.025979,9.3,NA,6.15,0.018712,2.04,NA,20,15.01,1.7
"206341","Murderkill River",14,16,18,10,5,8,8,15,10,9,"Good Condition",25.369,-6e-04,0,0,4.146,4.011,14.710182,0.2804,184,3.61,58.37434,2.889639,3.018022,0.033684,9.23,NA,6.06,0.03126,1,NA,24,13.85,1.85
"308351","Indian River Bay",16,13,12,8,8,6,6,15,10,10,"Severely Degraded",21.416,0.0737,0,0,6.673,7.147,27.586277,0.266,175,0.25,44.09904,-0.047114,0.514972,0.04203,6.83,NA,6.52,0.069347,6.32,NA,17,13.16,19.8
"308092","Indian River Bay",6,11,11,6,9,4,6,20,1,10,"Severely Degraded",26.808,0.1057,0,0,12.41,12.31,20.057507,0.4463,201,0.52,57.42344,1.055747,1.952931,0.057549,6.93,NA,6.53,0.055301,3.36,NA,19,13.42,13.6
"307211","Broad Creek",13,16,5,10,10,5,6,5,10,10,"Severely Degraded",17.29,0.0848,2.5,0,11.28,11.52,12.171583,0.9219,177,1.18,57.64956,3.450934,4.282781,0.077428,7.36,NA,8.55,0.115023,2.48,NA,19,13.29,3.36
"307382","Broad Creek",16,6,16,10,7,6,6,16,10,10,"Severely Degraded",16.81,0.0474,0,0,9.028,8.733,8.195395,0.6405,131,0.95,38.28717,2.559089,3.324766,0.042816,7.41,NA,6.73,0.043564,4.12,NA,19,14.2,2.72
"307413","Broad Creek",16,16,8,10,10,7,7,18,10,10,"Moderately Degraded",12.761,0.0435,0,0,4.695,4.658,11.273733,0.399,124,0.41,28.54788,3.000932,3.485554,0.048359,8.45,NA,6.66,0.067847,1.68,NA,19,14.88,4.94
"307151","Broad Creek",18,14,5,5,8,5,7,18,10,10,"Moderately Degraded",11.898,0.0538,7.45,2.66,2.603,2.731,8.425557,0.6389,106,2.68,28.96632,3.774977,4.108927,0.029839,10.82,NA,6.75,0.043778,8.84,NA,18,14.35,5.55
"304371","Nanticoke River",18,16,11,10,10,7,7,16,5,10,"Severely Degraded",31.971,0.0548,4.24,2.4,10.6,10.65,23.480946,1.2436,199,1.17,53.05469,1.746812,3.081106,0.084468,6.03,NA,6.24,0.154677,8,NA,10,10.66,4.32
"304421","Nanticoke River",17,12,18,5,5,8,6,16,9,10,"Good Condition",12.896,0.0246,0,0,3.831,3.823,16.865423,0.6638,174,3.92,52.41404,7.802233,8.289682,0.01949,11.6,NA,6.57,0.036137,5.56,NA,14,11.9,2.6
"304442","Nanticoke River",13,6,8,6,3,7,7,15,10,10,"Severely Degraded",13.759,0.0052,0,0,5.715,5.75,16.751965,1.334,145,0.27,37.87311,3.796449,4.6551,0.016069,10.89,NA,6.76,0.045763,2.12,NA,11,10.34,2.91
"307391","Broad Creek",19,10,19,10,10,8,8,15,10,10,"Moderately Degraded",17.636,0.009,0,0,6.02,5.812,12.796924,0.5064,160,12.72,48.63482,5.021008,6.42148,0.0171,10.54,NA,6.5,0.028464,1.48,NA,12,11.92,1.52
"307252","Broad Creek",16,9,4,9,9,7,7,15,10,10,"Moderately Degraded",14.872,0.0161,0,0,3.217,3.2,15.342459,0.7781,192,0.81,57.7394,10.331982,10.750127,0.009712,10.6,NA,6.44,0.012457,3,NA,12,10.32,2.95
"316011","Gravelly Branch",15,16,19,6,9,9,5,16,10,10,"Good Condition",13.433,0.0174,2.88,0,4.462,4.564,9.760796,0.7406,89,10.14,33.39007,1.715519,2.255595,0.011816,9.66,NA,6.55,0.022835,2.16,NA,17,11.64,2.58
"303492","Broadkill River",12,10,2,10,10,8,5,17,2,10,"Severely Degraded",325.462,0.1458,8.82,0,9.472,10.22,257.669647,1.0611,1546,1.69,536.86594,7.02141,10.520129,0.009283,8.38,NA,7.52,0.097903,19.68,NA,11,14.17,5.39
"303232","Broadkill River",15,8,5,10,10,10,10,15,10,10,"Good Condition",14.968,0.0191,0,0,1.955,2.241,17.014296,0.1649,188,1.05,56.83678,6.793085,9.885816,0.012387,7.74,NA,6.91,0.022202,1.64,NA,13,11.62,0.56
"303171","Broadkill River",12,16,18,7,9,6,8,16,10,10,"Moderately Degraded",44.386,0.0293,0,0,4.875,4.984,54.125687,2.0664,334,5.59,94.05677,1.666024,3.008845,0.027418,7.66,NA,6.66,0.060089,1.4,NA,13,12.04,0.68
"206051","Murderkill River",12,17,20,9,9,7,6,15,10,10,"Good Condition",20.898,0.028,0,0,2.672,2.742,17.748911,0.4863,182,14.62,56.18618,4.018903,4.473887,0.022548,9.91,NA,7.35,0.03312,1.8,NA,14,10.01,1.61
"206401","Murderkill River",14,17,20,5,5,6,6,17,10,10,"Good Condition",20.265,0.0455,2.56,0,3.406,3.553,19.401718,1.0105,184,12.98,53.82883,3.980775,4.745656,0.021024,9.87,NA,6.96,0.03324,3.92,NA,16,10.34,1.8
"206411","Murderkill River",12,13,18,9,6,6,6,16,10,10,"Good Condition",21.723,0.0703,0,0,2.542,2.512,19.038115,0.7057,183,9.21,50.45696,3.79879,4.00635,0.024404,9.56,NA,6.62,0.022296,1.52,NA,16,10.56,2.14
"206431","Murderkill River",5,15,16,7,6,6,8,15,5,10,"Moderately Degraded",9.019,0.0173,0,0,3.662,3.671,7.923691,0.9401,88,0.85,22.42149,1.802908,2.030596,0.021467,9.98,NA,6.56,0.073072,2.68,NA,13,10.38,2.3
"301051","Cedar Creek",12,18,16,10,10,8,9,17,10,8,"Good Condition",23.661,0.0375,0,0,3.653,3.659,13.179894,0.4346,133,4.54,37.99973,2.715995,3.01501,0.014368,10.31,NA,6.65,0.018888,1.24,NA,14,9.38,0.62
"208261","Mispillion River",14,16,16,8,8,6,5,16,2,2,"Moderately Degraded",19.497,0.0194,0,0,4.485,4.451,13.497272,2.102,135,2.11,43.24489,3.334367,3.779646,0.041309,9.22,NA,6.52,0.047017,10.12,NA,16,10.54,3.92
"208222","Mispillion River",20,18,15,10,9,8,8,15,10,10,"Moderately Degraded",19.612,0.0121,0,0,3.559,3.534,22.061565,0.0775,235,0.59,80.78434,8.921885,10.179639,0.014018,10.51,NA,6.61,0.018397,1.28,NA,13,9.71,0.93
"206713","Murderkill River",15,16,16,9,10,3,8,16,1,10,"Good Condition",16.542,0.0169,0,0,3.719,3.653,20.504189,0.3287,218,1.79,77.29442,6.835745,7.647331,0.017528,10.83,NA,6.71,0.022165,1.64,NA,16,9.98,0.55
"206683","Murderkill River",20,5,18,9,9,7,7,15,10,10,"Moderately Degraded",43.235,0.0348,0,0,5.032,4.993,29.552849,1.2077,363,0.32,149.75368,11.123072,11.70709,0.018262,8.1,NA,6.54,0.011343,0.36,NA,10,8.07,5.02
"207195","Choptank River",10,16,15,6,2,6,5,16,10,10,"Moderately Degraded",11.399,0.0465,0,0,2.615,2.768,15.577616,0.0746,148,3.38,44.83863,4.353902,5.006403,0.01935,7.25,NA,6.17,0.031563,1.92,NA,11,9.73,0.49
"206422","Murderkill River",9,13,17,6,4,3,3,5,2,2,"Moderately Degraded",17.559,0.0393,0,0,2.54,2.64,17.847784,3.3675,169,2.55,50.13497,3.470676,3.760863,0.019215,10.8,NA,6.4,0.041987,13.08,NA,16,11.91,5.94
"308262","Indian River",13,12,16,5,5,8,8,15,9,10,"Moderately Degraded",12.512,0.0167,0,0,2.811,2.332,7.516936,0.6232,80,0.36,20.38328,0.747097,0.942552,0.022044,6.82,NA,6.54,0.019328,2.76,NA,18,11.86,1.46
"308271","Indian River",16,5,17,8,8,8,8,14,8,10,"Moderately Degraded",16.849,0.0112,0,0,3.319,2.424,15.078412,0.9378,169,2.43,44.25637,7.44087,7.366826,0.022077,9.78,NA,6.63,0.025402,1.84,NA,17,11.24,1.48
"319011","Indian River",12,7,20,10,10,7,7,15,10,10,"Good Condition",21.416,0.1118,3.81,0,2.686,2.825,14.009089,2.7321,173,4.48,47.35455,7.557657,8.452343,0.014507,9.78,NA,6.65,0.05687,29.68,NA,16,10.72,5.63
"319061","Indian River",13,14,5,8,9,7,8,15,10,10,"Moderately Degraded",13.203,0.0119,0,0,3.014,2.747,11.891015,0.3907,153,2,39.74887,7.195784,7.716718,0.014469,8.64,NA,6.49,0.017172,0.44,NA,17,11.76,1.16
"308182","Indian River",16,15,10,10,10,8,8,20,10,10,"Severely Degraded",21.761,0.0233,0,0,3.545,3.528,10.999583,3.3784,123,0.33,31.02573,2.869335,3.210757,0.017582,10.53,NA,6.74,0.015758,1.2,NA,21,11.22,1.15
"309031","Iron Branch",12,5,13,8,8,8,8,15,10,10,"Moderately Degraded",17.52,0.0226,2.59,0,2.439,3.764,10.808964,1.3596,97,0.2,21.91931,0.176124,0.586169,0.032796,6.47,NA,6.38,0.125854,16.2,NA,17,10.86,24.2
"308301","Indian River",11,16,17,10,10,8,7,15,10,10,"Good Condition",10.727,0.0071,0,0,1.663,1.743,16.501583,0.1618,151,1.4,34.38,6.258587,6.686571,0.013132,8.76,NA,6.27,0.012051,1.4,NA,18,13.28,0.7
"108161","C & D Canal West",18,19,17,5,5,5,5,16,10,10,"Moderately Degraded",30.838,0.0239,3.85,0,NA,2.943,21.02603,3.0127,205,5.67,76.09361,3.288913,2.854244,0.02234,7.36,NA,7.35,0.04412,6.44,NA,20,14.43,2.94
"110011","Blackbird Creek",11,11,11,3,3,7,7,13,9,9,"Severely Degraded",23.489,0.0472,6.12,2.64,NA,8.66,21.088526,31.9987,144,3.61,44.82071,0.801361,1.273021,0.028502,9.75,NA,7.45,0.05142,4.4,NA,22,16.79,3.7
"112662","Chester River",8,8,2,8,8,5,5,2,2,2,"Severely Degraded",29.246,0.2663,0,0,5.176,5.252,14.295304,4.3347,146,0.45,44.4521,0.17653,0.700496,0.062649,5.34,NA,6.94,0.127128,4.68,NA,21,13.48,10.3
"207192","Choptank River",6,8,3,6,5,5,5,2,2,2,"Severely Degraded",15.563,0.0172,0,0,3.697,4.112,13.268605,3.7857,111,0.2,24.06414,0.060811,0.368027,0.024965,8.51,NA,6.36,0.062178,8.8,NA,22,16.46,8.64
"209061","St. Jones River",10,11,12,4,4,5,5,16,5,6,"Severely Degraded",30.742,0.013,0,0,NA,2.106,26.755373,1.0186,275,2.65,98.66006,8.272539,7.639487,0.019283,9.9,NA,7.05,0.027779,1.48,NA,23,16.43,1.11
"207204","Choptank River",2,8,13,7,7,3,5,5,2,2,"Severely Degraded",12.262,0.1823,0,0,2.83,3.126,16.05525,1.6516,132,0.76,31.76221,2.97149,3.212129,0.032761,5.72,NA,6.01,0.106687,11.04,NA,13,11.54,12
"302503","Marshyhope Creek",3,6,13,10,10,5,5,3,2,2,"Severely Degraded",14.968,0.0053,0,0,2.959,3.121,15.121807,0.9728,131,0.35,33.22674,0.17821,0.408119,0.01919,11.19,NA,6.67,0.032769,0.84,NA,20,14.53,2.28
"206714","Murderkill River",4,15,3,7,7,4,3,3,2,0,"Moderately Degraded",15.16,0.0775,3.89,0,4.292,4.59,14.043994,3.6601,113,0,39.60232,3.170587,3.051601,0.025327,7.65,NA,6.85,0.056371,5.84,NA,20,14.84,7.94
"206341","Murderkill River",16,13,17,9,2,7,7,15,10,10,"Moderately Degraded",28.67,0.015,0,0,5.577,5.739,14.602661,0.4572,147,0,56.60964,2.563559,2.392733,0.044305,7.8,NA,7.09,0.052891,1.56,NA,22,14.54,2.94
"207205","Choptank River",4,2,5,8,8,6,6,5,2,2,"Severely Degraded",13.99,0.0397,0,0,5.469,5.321,14.660863,1.3168,120,0.24,26.10684,0.023122,0.553565,0.088828,4.89,NA,6.02,0.15111,2.48,NA,9,10.08,7.7
"206715","Murderkill River",17,15,16,8,8,8,8,18,10,10,"Good Condition",15.678,0.0108,0,0,2.717,2.551,21.256567,0.3835,223,6.52,69.76096,5.5343,5.494379,0.01835,8.57,NA,7.16,0.021521,1.96,NA,18,13.18,1.29
"206631","Murderkill River",13,11,5,9,10,8,6,15,10,2,"Moderately Degraded",16.446,0.0234,0,0,3.005,2.951,18.405619,0.567,174,0,64.91924,5.180954,4.611189,0.029239,8.31,NA,6.96,0.027441,0.68,NA,23,15.51,1.7
"302505","Marshyhope Creek",0,2,15,2,6,3,9,5,2,2,"Severely Degraded",12.838,0.0065,0,0,3.24,3.432,15.091189,1.9107,141,67.52,40.57004,3.533683,3.878901,0.020798,11.07,NA,6.59,0.035703,1.36,NA,17,12.22,2.94
"309102","Iron Branch",3,8,3,8,8,4,5,3,2,3,"Severely Degraded",13.375,0.0328,0,0,6.165,6.383,19.297285,2.8223,134,0.39,27.22287,0.473973,0.936587,0.013373,9.94,NA,6.52,0.039696,2.52,NA,23,15.7,5.7
"313081","Pocomoke River",4,18,13,10,10,8,5,19,10,2,"Severely Degraded",13.567,0.0435,0,0,4.269,4.025,12.926712,1.0154,98,2.09,22.88938,1.611736,1.738189,0.048241,8.91,NA,6.54,0.07808,3.16,NA,18,10,5.66
"307414","Broad Creek",4,8,6,3,3,7,4,16,7,2,"Severely Degraded",7.139,0.0185,0,0,4.137,4.241,10.491678,0.8564,95,1.19,24.74635,2.404837,2.673518,0.012547,6.55,NA,6.13,0.033677,0.84,NA,16,12.97,2.96
"307415","Broad Creek",8,4,11,4,4,6,6,18,9,9,"Severely Degraded",9.691,0.0515,0,0,1.337,1.573,12.494129,1.1138,107,2.71,22.56869,3.484477,3.544939,0.018985,8.63,NA,6.55,0.051492,4.2,NA,18,13.77,6.66
"307417","Broad Creek",14,7,13,10,10,8,8,18,10,10,"Severely Degraded",33.64,0.0348,4.5,0,12.53,12.46,14.849102,0.549,129,1.98,38.43471,0.451207,1.154356,0.063555,3.96,NA,6.76,0.099101,1.2,NA,22,12.25,1.39
"308526","Indian River",20,19,19,10,10,8,8,18,10,10,"Severely Degraded",19.305,0.0034,0,0,3.129,3.018,12.182137,0.9223,118,0.92,51.86596,4.027444,3.894908,0.023209,10.85,NA,6.72,0.019208,1.2,NA,20,10.7,1.76
"308527","Indian River",20,18,20,10,10,8,8,16,10,10,"Severely Degraded",23.239,0.0662,0,0,5.833,6.042,12.432248,4.4438,94,2.22,24.84612,0.462019,0.991238,0.006376,8.75,NA,6.71,0.020311,7.48,NA,22,12.82,3.16
"304717","Nanticoke River",20,10,19,10,10,8,8,16,8,10,"Severely Degraded",26.271,0.0277,0,0,8.847,9.025,16.461529,1.2467,131,3.06,34.6796,0.986358,1.673504,0.04538,7.53,NA,6.32,0.073146,2.2,NA,18,7.76,4.72
"304051","Nanticoke River",8,15,3,8,8,5,5,2,1,2,"Severely Degraded",19.516,0.3569,4.93,0,2.829,2.795,19.733553,1.7671,208,7.65,59.19095,7.938265,8.978249,0.32332,11.79,NA,6.44,0.364726,2,NA,14,12.22,0.88
"304731","Gum Branch",2,9,13,6,6,3,3,5,2,2,"Moderately Degraded",10.017,0.0095,0,0,1.949,1.972,9.601864,0.6213,100,4.46,25.45683,3.211605,3.361077,0.020459,10.43,NA,6.14,0.023658,1.64,NA,15,10.55,1.99
"304714","Nanticoke River",3,3,18,8,8,5,5,3,2,2,"Severely Degraded",11.898,0.2407,0,0,2.658,2.714,18.801249,1.5718,146,14.14,32.65262,3.572989,3.881234,0.025487,8.4,NA,6.21,0.044086,7.56,NA,22,11.71,8.7
"302504","Marshyhope Creek",5,8,12,6,6,5,5,3,2,1,"Moderately Degraded",13.375,0.0036,0,0,2.009,2.271,14.583779,2.2929,134,34.35,37.0648,2.353052,2.405993,0.023594,10.37,NA,6.62,0.031046,0.88,NA,11,10.15,2.41
"208404","Mispillion River",20,15,20,10,10,8,8,15,10,10,"Severely Degraded",13.222,0.0014,0,0,3.603,3.281,14.03477,0.5633,158,6.56,50.97251,7.790854,8.516023,0.017423,9.22,NA,6.93,0.010116,1.08,NA,14,7.73,0.5
"303495","Broadkill River",19,12,5,10,10,7,7,17,10,10,"Moderately Degraded",22.855,0.0094,0,0,4.826,4.807,24.527323,0.6518,198,0.56,71.27011,6.055665,6.355778,0.017853,6,NA,6.48,0.019203,3.08,NA,21,12.24,1.95
"303341","Broadkill River",15,14,18,10,10,7,8,18,10,10,"Moderately Degraded",12.934,0.0071,0,0,2.646,2.517,13.863053,0.2492,117,4.06,35.47008,4.715097,4.584303,0.013628,8.44,NA,6.33,0.01196,0.36,NA,21,10.34,0.55
"308511","Indian River",9,17,14,9,9,5,8,18,2,10,"Severely Degraded",8.194,0.0277,2.96,0,2.795,3.521,16.860138,3.2238,99,0.11,21.94821,2.313334,2.644639,0.017829,4.78,NA,6.13,0.030135,9.12,NA,18,8.84,7.13
"304715","Deep Creek",20,10,14,10,10,8,8,18,10,10,"Moderately Degraded",53.79,0.0225,0,9.6,11.35,9.102,16.509523,18.325,172,0.52,58.47283,3.096599,9.682317,0.033412,0.72,NA,5.83,2.986691,1726.2,NA,23,13.14,4.24
"316011","Gravelly Branch",20,20,20,10,10,10,10,18,10,10,"Good Condition",11.802,0.0115,0,0,3.351,2.995,11.453023,0.6603,76,26.93,17.14742,1.390404,1.500336,0.013576,10.33,NA,6.38,0.017386,1.76,NA,23,9.98,1.93
"316091","Gravelly Branch",20,18,20,10,10,8,8,17,10,9,"Moderately Degraded",10.919,0.0248,0,0,3.865,3.953,7.670452,0.9327,69,10.28,16.63363,0.757568,0.926744,0.012244,10.23,NA,6.73,0.013454,0.96,NA,17,10.23,1.99
"202214","Leipsic River",20,15,20,10,9,5,5,17,9,2,"Moderately Degraded",33.736,0.0969,2.8,0,8.25,7.758,18.277485,0.7933,196,8.32,73.43711,2.3621,2.996659,0.070868,11.37,NA,7.91,0.137034,1.28,NA,14,7.69,3.93
"305091","Lewes-Rehoboth Canal",17,11,2,9,9,6,6,20,9,10,"Severely Degraded",6.39,0.0469,0,0,4.091,4.067,76.327141,0.0883,377,0,59.89158,5.639312,6.132893,0.008997,6.27,NA,6.58,0.010837,0.96,NA,20,11.3,0.94
"308524","Indian River",20,13,17,9,9,7,7,17,10,10,"Moderately Degraded",19.593,0.0375,2.87,0,5.066,5.106,16.212517,0.6451,139,3.97,40.29724,4.051753,4.431421,0.018595,5.72,NA,6.51,0.027037,0.72,NA,17,14.39,1.01
"308421","Rehoboth Bay",18,2,2,10,10,8,8,20,10,10,"Severely Degraded",20.955,0.0249,3.55,0,9.261,9.743,15.040699,0.3987,113,0.14,31.77472,1.253403,1.741616,0.034037,7.51,NA,6.65,0.024535,1.36,NA,19,10.62,1.86
"308516","Indian River",14,12,5,10,10,8,8,18,10,10,"Moderately Degraded",9.518,0.0238,0,0,6.423,6.289,15.255118,0.1422,110,0.59,27.31088,3.135566,3.630205,0.020253,6.02,NA,6.15,0.006797,0.4,NA,20,12.58,1.13
"308519","Indian River",20,10,5,5,5,7,7,18,10,10,"Severely Degraded",19.382,0.0263,0,0,7.324,6.542,10.613612,0.2424,102,0.24,29.72545,0.616151,1.048758,0.020805,9.66,NA,6.51,0.026929,0.72,NA,11,6.81,0.84
"319151","Indian River",13,13,16,8,9,6,7,20,10,1,"Severely Degraded",8.731,0.0252,0,0,2.144,2.165,13.408069,0.44,156,3.51,38.70546,7.669998,8.608305,0.020249,11.07,NA,6.5,0.059443,18.96,NA,9,9.13,1.21
"319141","Indian River",16,2,3,10,10,8,8,17,4,9,"Severely Degraded",16.657,0.0489,0,0,7.031,7.633,23.560669,2.4478,153,0.51,38.05098,3.825654,4.777771,0.051006,9.52,NA,6.61,0.026169,6.12,NA,9,6.67,4.54
"206341","Murderkill River",15,13,10,8,5,7,7,15,10,10,"Good Condition",35.693,0.0265,0,0,3.228,3.359,13.748135,0.1197,205,0.81,58.54057,1.18216,1.420863,0.0415,9.47,88.6,7.04,0.048795,-0.08,NA,19,12.37,4.11
"206401","Murderkill River",19,19,19,5,5,8,8,15,10,10,"Good Condition",21.973,0.0134,3.1,0,1.799,1.79,25.428133,0.7259,227,3.03,61.34588,5.332922,5.350559,0.032869,7.84,78.3,6.25,0.032906,0.64,NA,26,15.32,0.63
"206603","Murderkill River",16,11,5,9,9,5,5,5,10,10,"Moderately Degraded",29.073,0.0266,4.44,0,2.733,3.086,15.511948,13.6113,161,0.12,49.91624,0.163118,0.502667,0.026531,9.95,104.6,6.49,0.05325,3.84,NA,24,17.75,2.98
"206602","Murderkill River",18,5,6,8,8,8,8,13,9,2,"Moderately Degraded",28.804,0.05,0,0,2.546,2.649,15.754599,1.5737,178,0.26,58.65702,0.735703,1.036072,0.028093,4.16,42,6.31,0.039822,0.84,NA,30,15.72,1.71
"206632","Murderkill River",16,14,13,9,7,5,6,19,1,7,"Good Condition",17.367,0.0133,0,0,2.013,1.757,19.730747,1.0808,270,0.35,77.9892,6.299224,6.543099,0.022334,9.29,87.2,6.24,0.023027,0.36,NA,15,12.49,1.39
"206633","Murderkill River",15,16,17,8,8,8,8,15,10,10,"Moderately Degraded",15.525,0.0158,0,0,2.289,1.313,26.624863,0.3413,249,1.65,72.98124,6.211087,6.128806,0.020528,8.86,87.8,6.33,0.018196,1.64,NA,27,14.94,0.55
"206683","Murderkill River",20,6,9,9,8,6,6,15,10,10,"Moderately Degraded",27.096,0.0234,0,0,6.947,7.118,21.946163,0.0953,0,0.16,131.24287,4.08462,4.521906,0.019169,0,0,0,0.026047,0.44,NA,10,0,0.55
"206718","Murderkill River",8,7,6,4,4,4,4,4,2,2,"Moderately Degraded",25.312,0.0425,0,0,1.518,1.43,40.10038,1.6382,267,0.52,60.14657,3.619137,3.881156,0.023757,7.61,72.3,5.7,0.033873,1.64,NA,23,13,2.58
"206651","Murderkill River",7,12,11,5,5,5,5,5,2,2,"Moderately Degraded",30.666,0.0756,0,0,1.858,1.99,32.114681,2.1697,233,0.08,50.65011,2.01115,2.500478,0.023745,8.2,81.4,6.43,0.059233,6.28,NA,25,15.02,8.12
"206719","Murderkill River",20,14,12,8,8,8,8,19,10,10,"Moderately Degraded",21.071,0.0205,0,0,6.298,6.257,17.174326,0.1867,0,0.87,80.34971,4.590296,4.613362,0.023607,0,0,0,0.030136,0.8,NA,8,0,0.94
"206011","Murderkill River",17,16,17,2,2,8,8,15,10,10,"Good Condition",36.902,0.0128,0,0,3.701,3.809,16.625278,0.1958,196,1.45,64.08159,1.666409,2.029107,0.040687,7.84,74.3,6.8,0.058208,0.76,NA,26,12.96,2.52
"303381","Broadkill River",15,15,19,10,10,8,8,16,10,10,"Moderately Degraded",16.523,0.0281,0,0,5.051,4.917,17.117329,4.6785,153,7.04,44.86628,3.709149,4.109392,0.009728,11.44,90.5,6.86,0.01738,0.68,NA,12,5.37,0.83
"303171","Broadkill River",18,14,18,10,10,6,6,19,9,9,"Moderately Degraded",26.041,0.026,0,0,4.155,4.075,26.658627,1.3657,0,6.83,67.96794,5.453219,5.458283,0.047814,0,0,0,0.064009,3.68,NA,10,0,0.87
"303382","Broadkill River",15,10,16,10,10,8,8,18,10,6,"Moderately Degraded",10.056,0.0882,0,0,4.294,4.331,26.70977,0.5458,0,1.25,37.85427,4.228013,4.161905,0.012928,0,0,0,0.014381,1.2,NA,9,0,1.23
"303409","Broadkill River",20,11,5,10,10,8,8,17,10,10,"Severely Degraded",27.365,0.0534,9,0,9.957,9.968,26.146767,0.8438,186,0.68,53.70912,1.24685,1.876529,0.018934,4.62,41.1,5.92,0.037824,1.48,NA,20,10.13,1.59
"303485","Broadkill River",17,15,10,9,9,8,8,20,10,10,"Moderately Degraded",8.885,0.0093,5.54,0,2.579,2.622,12.931381,0.2781,108,0.93,22.96035,3.588837,3.523018,0.014411,8.05,74.4,5.93,0.011204,0.16,NA,23,11.83,1.5
"303482","Broadkill River",16,16,17,8,8,8,8,16,10,10,"Severely Degraded",98.598,0.0394,7.01,0,4.969,5.642,71.72168,153.055,663,4.74,179.58424,10.085101,10.50991,0.087525,13.46,126.8,7.73,0.165903,9.4,NA,24,12.58,2.71
"206720","Murderkill River",13,16,14,9,9,8,8,18,10,9,"Good Condition",20.073,0.0795,0,0,1.642,1.586,19.571072,2.5619,194,10.35,62.00872,4.595966,4.703886,0.018527,10.19,94.8,6.57,0.023361,0.96,NA,19,12.1,1.14
"206721","Murderkill River",20,17,16,9,10,7,7,19,10,10,"Moderately Degraded",14.412,0.0086,0,0,2.371,2.39,16.64802,10.0181,198,1.05,67.7591,3.880567,4.120018,0.012581,11.82,109.8,6.62,0.017967,-0.2,NA,24,12.01,0.45
"206723","Murderkill River",20,15,10,5,5,8,8,20,10,10,"Good Condition",8.885,0.0112,0,0,2.145,2.153,15.867448,0.3536,183,1.09,60.5257,6.718469,7.060946,0.011503,9.28,89.2,6.31,0.009963,1,NA,23,13.54,0.92
"303494","Broadkill River",14,13,10,6,9,6,5,18,10,10,"Severely Degraded",163.691,0.0213,3.56,0,5.571,5.95,119.769295,132.57,1136,2.57,319.22207,16.808113,17.286436,0.168136,10.04,98,7.24,0.233993,7.92,NA,14,14.14,2.49
"208409","Mispillion River",16,10,8,10,10,8,8,18,10,10,"Moderately Degraded",26.06,0.0107,0,0,4.568,4.615,24.753244,3.4825,202,0.94,60.24442,5.911393,5.561478,0.023449,9.53,89.3,7.1,0.026341,1,NA,16,12.38,0.36
"303383","Broadkill River",16,16,10,9,9,9,9,20,10,2,"Moderately Degraded",6.409,0.0189,0,0,3.072,3.011,17.869751,3.2778,142,4.8846,36.76741,6.132384,5.912293,0.010422,10.81,92.7,6.16,0.016088,-0.4,NA,8.4,8.62,0.31
"208405","Mispillion River",18,8,18,9,9,7,8,20,10,9,"Moderately Degraded",16.657,0.0735,0,0,2.638,2.693,16.883699,2.1025,183,13.4413,52.22842,5.92165,6.271963,0.016131,12.04,99.1,6.53,0.023386,1.72,NA,15.9,6.92,3.42
"208406","Mispillion River",18,13,11,10,9,8,9,17,10,10,"Moderately Degraded",12.282,0.0249,0,0,3.091,3.063,19.269279,1.0012,234,1.6,79.33002,10.23561,8.128618,0.014123,10.74,96.4,6.41,0.015754,-0.36,NA,18.7,10.51,0.57
"208407","Mispillion River",19,17,8,9,9,8,8,17,10,9,"Moderately Degraded",13.759,0.0468,2.46,0,4.181,4.152,19.631754,1.8363,237,1.0615,82.19337,8.933982,7.983676,0.019669,10.73,90.1,6.39,0.013702,1.32,NA,12.6,7.75,0.53
"206724","Murderkill River",9,12,17,5,2,6,3,16,8,2,"Moderately Degraded",26.06,0.0194,0,0,1.689,1.74,22.979103,5.1886,199,2.7998,54.30971,3.377295,4.128152,0.021658,9.54,79.6,6.27,0.023622,1.76,NA,10.5,7.48,3.34
"206725","Murderkill River",18,16,19,5,3,7,7,20,10,10,"Good Condition",16.849,0.0565,0,0,2.217,2.238,21.114025,1.0192,184,12.6113,49.91315,4.468044,4.773961,0.022032,11.01,93.8,6.51,0.025159,1.2,NA,13.9,8.37,2.25
"206631","Murderkill River",15,5,14,6,2,6,3,18,10,2,"Good Condition",11.61,0.0351,0,0,3.629,3.69,18.451967,1.9906,197,5.0172,59.30246,4.941702,5.567429,0.020946,10.7,92.7,6.19,0.024006,1.4,NA,13.1,9.05,2.07
"303341","Broadkill River",12,10,16,10,10,8,8,15,10,10,"Good Condition",10.862,0.0101,0,0,3.661,3.405,12.279855,1.1943,123,6.1232,35.08088,5.050238,4.617883,0.011131,10.28,82.9,5.94,0.016254,0.52,NA,8.6,6.13,0.61
"206281","Murderkill River",10,17,16,8,6,6,5,5,3,5,"Severely Degraded",25.695,0.0177,0,0,1.787,1.829,22.155525,6.9499,189,2.4232,51.11366,3.264562,3.772261,0.021969,9.79,81.9,6.21,0.028631,10.32,NA,12.5,7.62,4.5
"206493","Murderkill River",19,13,16,9,3,7,6,15,10,9,"Good Condition",12.128,0.0189,0,0,2.639,2.534,20.934473,0.7456,210,9.0069,62.68487,5.519977,5.616407,0.014812,10.73,96.8,6.32,0.020144,1.92,NA,13.7,10.74,1.97
